sid;fulltext_exclusion;exclusion_note;doi
1;m;;10.1007/s00394-019-02139-6
3;t;;10.1024/0300-9831/a000683
4;NA;;10.2478/bhk-2021-0014
5;NA;d?;10.1152/japplphysiol.00250.2018
6;NA;;10.1123/ijsnem.2019-0237
7;NA;;10.1249/MSS.0000000000001289
8;NA;d?;10.1519/JSC.0000000000002389
9;d;NA?;10.5114/biolsport.2018.71487
10;NA;;10.1519/JSC.0000000000002259
11;t;;10.1016/j.jvir.2020.03.028
12;e;d?;10.5114/pedm.2020.98718
13;l;;10.20960/nh.1511
14;NA;d?;10.1152/japplphysiol.00684.2018
15;m;extrapolation method;10.23736/S0022-4707.16.05964-X
16;NA;e? m?;10.1519/JSC.0000000000002696
17;NA;;10.3389/fendo.2019.00116
18;NA;d?;10.1016/j.wem.2018.01.005
19;r;Zweitverwertung;10.3390/life12020306
20;NA;;10.3390/app12031371
21;NA;d?;10.2478/bhk-2020-0006
25;NA;d?;10.3390/ijerph16173037
28;NA;;10.1016/j.hlc.2018.12.007
29;NA;;10.1249/MSS.0000000000001985
30;NA;;10.1519/JSC.0000000000003437
31;NA;;10.3389/fphys.2021.701541
32;NA;;10.14814/phy2.14164
33;NA;;10.1080/00140139.2018.1473644
34;o;not protocol mentioned;10.1038/s41598-018-35715-7
36;NA;;10.3390/healthcare9070851
37;NA;;10.3390/ijerph17114174
39;NA;;10.1080/09638288.2016.1260648
40;NA;;10.5114/hpc.2021.107781
43;NA;d?;10.1038/s41598-019-54912-6
44;NA;;10.2478/bhk-2019-0023
45;NA;;10.1016/j.scispo.2018.04.004
46;t;;10.22631/ijaep.v6i3.192
47;NA;;10.1519/JSC.0000000000003470
50;t;;10.1183/13993003.congress-2019.PA4132
51;NA;;10.1016/j.resp.2018.07.013
52;d;NA?;10.1186/s12970-020-0341-4
54;e;;10.1080/09593985.2020.1825580
55;NA;;10.1002/ppul.23896
56;NA;;10.1111/sms.13223
58;m;;10.1249/MSS.0000000000002321
59;NA;;10.1249/MSS.0000000000001377
60;NA;;10.1371/journal.pone.0183926
61;m;;10.1186/s12877-021-02128-7
62;NA;;10.1007/s00246-021-02806-8
63;NA;;10.23736/S0022-4707.19.09912-2
64;NA;e?;10.3389/fpsyg.2017.01344
66;NA;;10.1177/0031512518754584
67;NA;;10.12965/jer.1836454.227
68;o;nichts beschrieben!;10.23736/S0022-4707.21.12236-4
69;l;;10.14529/hsm170401
70;NA;d?;10.1139/apnm-2018-0427
71;o;six min walk test;10.1016/j.ijnurstu.2019.103418
72;e;;10.1007/s00421-018-3993-x
73;NA;;10.1111/sms.13886
75;l;;10.12873/393robles
76;NA;;10.1519/JSC.0000000000003837
77;NA;;10.1016/j.jtherbio.2018.10.004
80;NA;;10.1016/j.jsams.2017.08.005
81;o;heat conditions;10.1016/j.ssci.2021.105328
83;NA;;10.1111/sms.12854
84;m;post-exercise;10.1155/2020/2073803
85;m;;10.1080/00140139.2018.1497207
86;NA;;10.1016/j.bone.2021.116102
87;NA;;10.1111/anec.12521
88;r;Zweitverwertung;10.1007/s00438-019-01639-8
89;NA;;10.1139/apnm-2020-0307
90;NA;;10.1016/j.physbeh.2020.113110
91;o;no description;10.31901/24566330.2020/20.03.759
92;r;Zweitverwertung;10.1016/j.annepidem.2017.08.011
94;NA;;10.3390/app9030589
95;NA;;10.3390/nu9080820
97;e;m? o? six min walk test;10.1111/joic.12531
98;m;;10.1002/hpja.2
99;m;;10.1590/1806-9282.66.5.600
102;m;r?;10.1016/j.jpsychires.2019.03.011
104;NA;;10.33549/physiolres.934114
105;NA;;10.1186/s13102-021-00375-0
106;m;Montreal Track tests;10.3389/fphys.2020.579835
108;NA;;10.1016/j.jshs.2017.01.009
109;d;GXT;10.1123/ijspp.2020-0923
110;t;;10.1123/ijsnem.2020-0265
111;NA;;10.1152/japplphysiol.00131.2019
112;NA;d?;10.3389/fphys.2017.00175
113;NA;;10.3233/IES-192229
114;NA;;10.1194/jlr.M091942
117;NA;;10.1016/j.resp.2016.12.003
118;r;Zweitverwertung;10.1371/journal.pone.0223449
119;NA;;10.1016/j.heliyon.2020.e05427
120;NA;;10.3390/sports7040082
121;NA;;10.1080/17461391.2020.1867650
123;NA;;10.1177/2047487318808014
124;NA;;10.1371/journal.pone.0170060
125;t;;10.23736/S0022-4707.21.12342-4
126;NA;;10.1186/s12970-020-00405-1
127;NA;;10.3389/fspor.2019.00017
128;NA;;10.1016/j.jelekin.2019.06.006
129;NA;;10.2196/mhealth.7437
131;o;mouthpiece with nose clip;10.1097/JOM.0000000000001873
132;NA;;10.3389/fphys.2021.665462
133;d;;10.3390/app11178062
134;NA;;10.1111/sms.12859
135;m;;10.1186/s13098-017-0300-7
136;NA;;10.1155/2018/4081802
137;NA;;10.1515/hukin-2017-0055
138;NA;;10.1123/ijspp.2020-0483
139;NA;;10.1080/20018525.2018.1468714
140;NA;;10.1097/JSM.0000000000000331
141;NA;;10.3389/fphys.2017.00690
142;m;shuttlle run;10.14198/jhse.2017.124.05
143;NA;;10.1007/s00421-020-04334-4
144;m;estimated VO2max;10.1177/2047487318807279
145;NA;;10.18869/acadpub.aassjournal.5.1.7
146;NA;;10.1016/j.jsams.2018.02.005
147;NA;;10.1007/s40519-016-0356-7
148;m;;10.1007/s40618-020-01426-y
151;NA;;10.23736/S0022-4707.17.07845-8
153;NA;;10.1186/s13102-021-00231-1
154;o;no description;10.1111/jsr.12836
155;NA;;10.2196/10338
156;m;r? Zweitverwertung?;10.1016/j.clnu.2016.09.026
157;NA;;10.3389/fphys.2018.01485
158;NA;;10.3390/biom9100630
159;NA;c?;10.5114/biolsport.2018.77828
160;m;estimated VO2max;10.3390/ijerph18094606
161;NA;;10.1007/s00125-020-05329-8
162;NA;;10.1371/journal.pone.0237388
163;NA;;10.1016/j.jtherbio.2019.06.006
164;NA;;10.3390/ijerph17093190
166;t;;10.23736/S0022-4707.20.10945-9
167;NA;;10.1080/02640414.2019.1601149
168;NA;;10.1016/j.scispo.2018.12.010
169;NA;;10.3390/sports8090116
170;NA;;10.3390/ijerph16162845
171;e;NA?;10.1016/j.eujim.2019.05.004
172;NA;;10.3389/fnut.2018.00086
173;NA;;10.3390/ijerph18105050
175;c;swimming test;10.1186/s12970-020-00392-3
176;NA;;10.1249/MSS.0000000000001353
177;l;;10.14529/hsm210307
178;NA;;10.3389/fphys.2018.01682
179;NA;;10.1113/JP279161
181;o;no description;10.1210/jc.2018-01056
182;NA;;10.1590/1517-869220172303156004
183;NA;;10.1016/j.trci.2018.02.003
184;NA;;10.3390/ijerph17113943
186;NA;;10.3390/nu12082315
187;NA;o? no description;10.1371/journal.pone.0166299
188;m;estimated VO2max;10.2478/hukin-2019-0027
189;t;;10.23736/S0022-4707.19.10225-3
190;NA;;10.1139/apnm-2021-0383
191;NA;;10.3390/nu14010149
192;m;estimated VO2max;10.12659/MSM.923015
194;NA;;10.3390/sports5020025
196;o;no description;10.3390/ijerph18199962
197;NA;r? Zweitverwertung?;10.1007/s00408-017-0039-9
198;NA;;10.3390/ijerph18030870
199;NA;;10.1016/j.orcp.2020.08.008
200;NA;;10.23736/S0022-4707.16.06358-1
201;o;no description;10.12968/ijtr.2018.0061
203;m;estimated VO2max;10.1123/ijspp.2019-1001
204;NA;;10.1589/jpts.32.79
205;NA;;10.1038/s41598-022-05783-x
207;NA;;10.1186/s12970-019-0299-2
209;NA;;10.1080/02701367.2020.1817293
211;NA;;10.1016/j.sleep.2019.07.007
212;NA;;10.1080/10400435.2018.1529005
213;d;;10.1123/ijspp.2016-0093
214;NA;o? no protocol mentioned;10.2337/dc16-2347
215;NA;o? no description;10.3389/fphys.2019.01204
216;NA;;10.14712/18059694.2021.20
218;NA;c? bei manchen Gruppen knapp;10.23736/S0022-4707.20.10380-3
219;l;;10.5606/tftrd.2017.27790
220;NA;;10.1017/thg.2020.58
223;NA;;10.1055/a-1510-9135
225;NA;;10.1111/cpf.12299
226;NA;;10.29359/BJHPA.13.Spec.Iss1.06
228;NA;YYIR2;10.14198/jhse.2018.13.Proc2.19
229;NA;;10.1152/japplphysiol.01122.2017
230;NA;;10.23736/S0022-4707.17.06853-0
231;NA;;10.23736/S0022-4707.17.06883-9
232;NA;;10.1186/s12970-020-00356-7
234;NA;;10.1152/japplphysiol.00585.2018
235;NA;;10.1249/MSS.0000000000001543
236;e;;10.1002/pmrj.12507
237;NA;;10.1123/ijspp.2019-0843
239;NA;o? no description;10.3390/sports8120163
240;NA;;10.1007/978-3-030-34461-0_26
241;NA;;10.1080/02701367.2020.1756196
243;m;h? human cells;10.1016/j.nut.2018.01.015
244;t;;10.1152/japplphysiol.00229.2021
245;NA;;10.1016/j.neuroscience.2019.12.008
246;NA;;10.1249/MSS.0000000000001773
248;NA;;10.3390/ijerph17186714
249;e;submaximal exercise test;10.1016/j.nut.2018.06.005
251;NA;;10.1186/s12872-021-02429-0
252;NA;o? wierd exercises;10.5812/ircmj.100227
253;NA;;10.5114/biolsport.2020.98625
254;NA;;10.1249/MSS.0000000000002181
255;o;no description;10.1590/1517-869220182406101651
257;NA;;10.1155/2019/3081029
260;NA;;10.3389/fphys.2020.00812
261;m;estimated VO2max;10.1097/GME.0000000000000762
263;m;estimated VO2max;10.1177/17479541211072225
264;NA;;10.1371/journal.pone.0224948
266;m;estimated VO2max;10.1007/s00246-018-1913-9
267;NA;;10.2147/IJWH.S344233
268;m;estimated VO2max;10.1016/j.scispo.2018.01.003
269;NA;d?;10.1123/ijspp.2018-0539
270;m;;10.1080/23328940.2020.1761577
271;m;estimated VO2max;10.1186/s12889-017-4712-y
273;m;;10.4103/2045-9912.304222
274;NA;d?;10.3390/ijerph19010563
275;NA;;10.1080/17461391.2021.2001575
276;NA;;10.1371/journal.pone.0242551
277;NA;;10.1080/25787489.2020.1810452
278;l;;10.14529/hsm190308
279;NA;;10.1249/MSS.0000000000001099
280;NA;;10.1123/pes.2016-0199
281;NA;;10.3390/biology9110383
282;NA;;10.1080/02640414.2017.1346269
283;NA;;10.1186/s12970-019-0284-9
285;NA;;10.1590/1517-869220192504189259
286;NA;;10.2196/28124
287;NA;;10.1123/ijspp.2018-0099
291;NA;;10.14814/phy2.14426
292;NA;;10.1007/s00421-019-04179-6
293;NA;;10.1080/07420528.2019.1592184
295;NA;o? protocol?;10.5606/tftrd.2021.6533
296;NA;;10.3164/jcbn.17-36
298;m;estimated VO2max;10.1038/s41598-020-77358-7
300;NA;;10.1515/hukin-2017-0040
301;e;NA?;10.1016/j.jpsychires.2018.03.001
302;NA;;10.3390/ijerph18179193
304;NA;;10.5603/ARM.a2020.0129
305;NA;;10.1371/journal.pone.0234507
306;NA;;10.1210/clinem/dgac091
307;NA;;10.1519/JSC.0000000000003297
308;m;;10.1186/s12931-020-01527-5
309;NA;;10.1080/02640414.2017.1329548
310;t;;10.23736/S0022-4707.20.10918-6
311;m;estimated VO2max;10.1002/cnr2.1497
313;NA;;10.1249/MSS.0000000000002842
314;NA;;10.1519/JSC.0000000000002670
316;NA;estimation methods;10.1007/s00421-018-3908-x
318;NA;e?;10.23736/S0025-7826.17.03010-1
319;NA;;10.1111/cpf.12308
320;m;estimated VO2max;10.1371/journal.pone.0245501
321;NA;plus shuttle run;10.1519/JSC.0000000000002363
322;NA;e?;10.51371/issn.1840-2976.2021.15.2.12
323;NA;;10.3389/fimmu.2021.806400
325;o;no description;10.1093/ehjci/jey050
326;o;no protocol mentioned;10.1123/ijspp.2019-0507
327;o;no protocol mentioned;10.1016/j.diabres.2018.10.001
329;NA;;10.1113/EP086644
330;NA;;10.1080/02701367.2019.1599800
331;NA;d?;10.1519/JSC.0000000000004113
332;NA;;10.3357/AMHP.5624.2020
333;NA;d?;10.1152/ajpendo.00126.2018
334;NA;;10.1186/s40798-018-0160-1
335;NA;d?;10.1519/JSC.0000000000002418
336;NA;;10.1007/s00421-021-04632-5
337;o;no description;10.5535/arm.2017.41.6.1047
338;m;swimming test;10.3390/nu10111809
340;NA;;10.1371/journal.pone.0199509
341;m;estimated VO2max;10.1136/bmjdrc-2017-000414
342;NA;;10.1007/s00421-021-04676-7
343;m;shuttle run;10.1515/hukin-2017-0098
344;NA;;10.1139/apnm-2020-0474
345;t;;10.1017/S1047951121004054
346;NA;;10.1123/ijspp.2020-0747
347;NA;;10.1007/s00421-020-04522-2
348;NA;;10.1016/j.amjms.2022.02.006
351;NA;d?;10.1123/ijsnem.2019-0309
352;r;Zweitverwertung;10.1016/j.cyto.2018.01.018
353;l;;10.20960/nh.02615
354;m;estimated VO2max;10.1186/s12888-019-2156-x
355;NA;;10.1007/s00424-018-2127-y
356;e;encouraged to reach…;10.1016/j.eclinm.2020.100683
358;NA;;10.1016/j.exger.2018.04.022
360;NA;d?;10.1097/JOM.0000000000001690
362;NA;d?;10.3390/antiox9090879
364;NA;;10.1123/ijspp.2018-0359
366;m;also e;10.1080/02701367.2019.1593922
367;NA;;10.15562/bmj.v10i3.2741
368;o;no description;10.18869/acadpub.aassjournal.5.1.25
370;NA;estimation methods;10.2196/26006
372;NA;;10.1007/s00421-017-3743-5
373;NA;d?;10.1007/s00394-017-1525-9
374;NA;;10.1123/ijspp.2018-0433
375;NA;o? protocol?;10.3390/jcm11041086
376;NA;d?;10.3389/fphys.2018.01320
378;e;;10.1002/oby.23252
379;NA;d?;10.1002/ehf2.13106
380;t;;10.1152/japplphysiol.01059.2020
381;NA;d?;10.1139/apnm-2021-0080
382;NA;;10.3390/ijerph18052782
383;NA;;10.1111/sms.13326
384;NA;;10.1123/ijspp.2018-0818
385;m;estimated VO2max;10.1080/07420528.2018.1454938
386;NA;;10.1139/apnm-2019-0750
387;NA;estimation methods;10.3390/jfmk4030044
389;m;estimated VO2max;10.3920/CEP190078
390;NA;o? protocol?;10.5672/apunts.2014-0983.es.(2021/1).143.02
392;NA;;10.1519/JSC.0000000000003423
393;o;e?;10.1016/j.resp.2020.103488
394;NA;;10.7717/peerj.5219
395;m;estimated VO2max;10.1016/j.dsx.2018.11.047
396;NA;d?;10.1139/apnm-2017-0207
397;NA;;10.1016/j.apunts.2016.07.001
398;NA;o? cells?;10.3390/cells8091045
399;NA;d?;10.1111/ane.12748
403;NA;;10.1016/j.jsams.2017.10.037
404;NA;;10.1111/cpf.12469
405;NA;;10.1519/JSC.0000000000003178
408;r;retrospective study;10.1186/s12968-021-00789-2
409;o;protocol? e?;10.1519/JSC.0000000000002852
411;m;o? no description;10.1519/JSC.0000000000002769
413;NA;o? no description;10.1002/jmd2.12232
419;NA;;10.1007/s00421-021-04866-3
420;NA;;10.21037/mhealth.2019.09.07
422;t;;10.1088/2057-1976/aab814
423;NA;;10.1038/s41598-020-79355-2
424;e;;10.2147/COPD.S225566
425;m;estimated VO2max;10.1016/j.puhe.2018.02.014
426;NA;d?;10.1055/s-0043-115122
427;m;estimated VO2max;10.1515/bhk-2017-0017
428;NA;;10.3389/fphys.2020.571221
429;m;estimated VO2max;10.3390/ijerph14060664
431;NA;o? MAOD;10.1038/srep42485
432;NA;d?;10.3389/fphys.2021.726783
433;NA;;10.1123/ijsnem.2021-0013
435;m;estimated VO2max;10.1111/dom.12797
436;NA;;10.1152/japplphysiol.01082.2017
437;NA;d?;10.1113/EP088639
438;NA;;10.1136/bmjsem-2017-000302
441;NA;;10.20463/jenb.2018.0030
442;NA;protocol?;10.1016/j.physbeh.2017.02.035
443;NA;;10.2147/DMSO.S197642
445;NA;;10.1210/jc.2017-00146
446;NA;d?;10.1007/s00421-017-3540-1
447;NA;;10.1080/19338244.2019.1657059
448;e;NA?;10.15561/18189172.2017.0208
449;NA;;10.3390/ijerph182010653
450;NA;;10.23736/S0022-4707.18.09365-9
452;NA;;10.1371/journal.pone.0249671
453;NA;;10.1007/s00421-017-3656-3
454;NA;d? pre-protocol?;10.1007/s00421-020-04535-x
455;m;estimated VO2max;10.15280/jlm.2020.10.1.21
457;o;no description;10.1515/ijamh-2016-0132
458;NA;d?;10.1080/02701367.2019.1653431
460;NA;;10.1186/s12966-017-0513-z
461;NA;;10.1123/ijspp.2019-0031
463;NA;estimation methods;10.15537/smj.2019.8.24332
464;NA;;10.1519/JSC.0000000000003199
466;NA;;10.1007/s00421-019-04218-2
467;NA;;10.3389/fphys.2020.573660
469;NA;;10.1249/MSS.0000000000002764
470;NA;;10.1111/sms.13590
473;NA;;10.1371/journal.pone.0200517
476;NA;d?;10.1111/sms.13333
478;NA;protocol?;10.1016/j.jtherbio.2016.11.018
479;NA;;10.23736/S0393-3660.18.03987-6
481;NA;;10.1152/japplphysiol.00349.2020
482;m;estimated VO2max;10.3390/ijerph18137124
483;NA;;10.3389/fpubh.2021.666019
485;NA;;10.1007/s00421-019-04133-6
486;NA;;10.23736/S0022-4707.21.12313-8
488;t;;10.1249/01.mss.0000518994.17089.28
489;NA;;10.1002/ijc.32819
492;m;estimated VO2max;10.1016/j.anpede.2020.11.016
493;NA;d?;10.3390/sports7030063
495;NA;;10.3390/ijerph18052293
496;NA;;10.1016/j.mayocpiqo.2018.03.001
497;NA;;10.1016/j.orcp.2016.09.009
498;NA;;10.1080/02701367.2019.1571676
499;NA;;10.1186/s12986-020-00436-0
500;t;;10.1249/01.mss.0000517620.18154.8f